,filepath,pid,cfversion,timestamp,error_level,error_type,var_id,error_details,logfile,model,dataset_id,error_var_type,cf_severity_level
1926,/badc/cmip6/data/CMIP6/ScenarioMIP/NOAA-GFDL/GFDL-ESM4/ssp585/r1i1p1f1/fx/orog/gn/v20180701/orog_fx_GFDL-ESM4_ssp585_r1i1p1f1_gn.nc,hdl:21.14100/f6e38a72-14f9-4e4f-811e-006d1db95388,CF-1.7 CMIP-6.0 UGRID-1.0,2020-09-23,ERROR,variable,lon_bnds,'(7.1): bounds attribute referencing non-existent variable lon_bnds',/group_workspaces/jasmin2/cp4cds1/vol3/c3s_34g/cmip6_qc/cf_logs/CMIP6/ScenarioMIP/NOAA-GFDL/GFDL-ESM4/ssp585/r1i1p1f1/fx/orog/gn/v20180701/orog_fx_GFDL-ESM4_ssp585_r1i1p1f1_gn.log,GFDL-ESM4,CMIP6.ScenarioMIP.NOAA-GFDL.GFDL-ESM4.ssp585.r1i1p1f1.fx.orog.gn.v20180701,other,major
1927,/badc/cmip6/data/CMIP6/ScenarioMIP/NOAA-GFDL/GFDL-ESM4/ssp585/r1i1p1f1/fx/orog/gn/v20180701/orog_fx_GFDL-ESM4_ssp585_r1i1p1f1_gn.nc,hdl:21.14100/f6e38a72-14f9-4e4f-811e-006d1db95388,CF-1.7 CMIP-6.0 UGRID-1.0,2020-09-23,ERROR,variable,lat_bnds,'(7.1): bounds attribute referencing non-existent variable lat_bnds',/group_workspaces/jasmin2/cp4cds1/vol3/c3s_34g/cmip6_qc/cf_logs/CMIP6/ScenarioMIP/NOAA-GFDL/GFDL-ESM4/ssp585/r1i1p1f1/fx/orog/gn/v20180701/orog_fx_GFDL-ESM4_ssp585_r1i1p1f1_gn.log,GFDL-ESM4,CMIP6.ScenarioMIP.NOAA-GFDL.GFDL-ESM4.ssp585.r1i1p1f1.fx.orog.gn.v20180701,other,major
10612,/badc/cmip6/data/CMIP6/ScenarioMIP/THU/CIESM/ssp126/r1i1p1f1/SImon/simass/gn/v20200420/simass_SImon_CIESM_ssp126_r1i1p1f1_gn_201501-206412.nc,hdl:21.14100/2aebe0b1-edd1-47fe-889a-e01ab3a960cd,CF-1.7 CMIP-6.2,2020-11-26,ERROR,variable,time_bounds,'(7.1): Incorrect number of dimensions for boundary variable: time_bounds',/group_workspaces/jasmin2/cp4cds1/vol3/c3s_34g/cmip6_qc/cf_logs/CMIP6/ScenarioMIP/THU/CIESM/ssp126/r1i1p1f1/SImon/simass/gn/v20200420/simass_SImon_CIESM_ssp126_r1i1p1f1_gn_201501-206412.log,CIESM,CMIP6.ScenarioMIP.THU.CIESM.ssp126.r1i1p1f1.SImon.simass.gn.v20200420,other,major
10613,/badc/cmip6/data/CMIP6/ScenarioMIP/THU/CIESM/ssp126/r1i1p1f1/SImon/simass/gn/v20200420/simass_SImon_CIESM_ssp126_r1i1p1f1_gn_206501-210012.nc,hdl:21.14100/a8f4dee0-3ab2-4da6-b4b1-1871928198d3,CF-1.7 CMIP-6.2,2020-11-26,ERROR,variable,time_bounds,'(7.1): Incorrect number of dimensions for boundary variable: time_bounds',/group_workspaces/jasmin2/cp4cds1/vol3/c3s_34g/cmip6_qc/cf_logs/CMIP6/ScenarioMIP/THU/CIESM/ssp126/r1i1p1f1/SImon/simass/gn/v20200420/simass_SImon_CIESM_ssp126_r1i1p1f1_gn_206501-210012.log,CIESM,CMIP6.ScenarioMIP.THU.CIESM.ssp126.r1i1p1f1.SImon.simass.gn.v20200420,other,major
56983,/badc/cmip6/data/CMIP6/CMIP/THU/CIESM/historical/r1i1p1f1/SImon/simass/gn/v20200420/simass_SImon_CIESM_historical_r1i1p1f1_gn_185001-189912.nc,hdl:21.14100/e53d0113-814a-4c31-9460-086cba989d80,CF-1.7 CMIP-6.2,2020-11-26,ERROR,variable,time_bounds,'(7.1): Incorrect number of dimensions for boundary variable: time_bounds',/group_workspaces/jasmin2/cp4cds1/vol3/c3s_34g/cmip6_qc/cf_logs/CMIP6/CMIP/THU/CIESM/historical/r1i1p1f1/SImon/simass/gn/v20200420/simass_SImon_CIESM_historical_r1i1p1f1_gn_185001-189912.log,CIESM,CMIP6.CMIP.THU.CIESM.historical.r1i1p1f1.SImon.simass.gn.v20200420,other,major
56984,/badc/cmip6/data/CMIP6/CMIP/THU/CIESM/historical/r1i1p1f1/SImon/simass/gn/v20200420/simass_SImon_CIESM_historical_r1i1p1f1_gn_190001-194912.nc,hdl:21.14100/fe0b8670-8af9-41c3-9a80-3fa2517990d7,CF-1.7 CMIP-6.2,2020-11-26,ERROR,variable,time_bounds,'(7.1): Incorrect number of dimensions for boundary variable: time_bounds',/group_workspaces/jasmin2/cp4cds1/vol3/c3s_34g/cmip6_qc/cf_logs/CMIP6/CMIP/THU/CIESM/historical/r1i1p1f1/SImon/simass/gn/v20200420/simass_SImon_CIESM_historical_r1i1p1f1_gn_190001-194912.log,CIESM,CMIP6.CMIP.THU.CIESM.historical.r1i1p1f1.SImon.simass.gn.v20200420,other,major
56985,/badc/cmip6/data/CMIP6/CMIP/THU/CIESM/historical/r1i1p1f1/SImon/simass/gn/v20200420/simass_SImon_CIESM_historical_r1i1p1f1_gn_195001-201412.nc,hdl:21.14100/a51f31bc-7c82-40b2-bbf6-c78d27e9c61e,CF-1.7 CMIP-6.2,2020-11-26,ERROR,variable,time_bounds,'(7.1): Incorrect number of dimensions for boundary variable: time_bounds',/group_workspaces/jasmin2/cp4cds1/vol3/c3s_34g/cmip6_qc/cf_logs/CMIP6/CMIP/THU/CIESM/historical/r1i1p1f1/SImon/simass/gn/v20200420/simass_SImon_CIESM_historical_r1i1p1f1_gn_195001-201412.log,CIESM,CMIP6.CMIP.THU.CIESM.historical.r1i1p1f1.SImon.simass.gn.v20200420,other,major
58672,/badc/cmip6/data/CMIP6/ScenarioMIP/NOAA-GFDL/GFDL-ESM4/ssp370/r1i1p1f1/fx/orog/gn/v20180701/orog_fx_GFDL-ESM4_ssp370_r1i1p1f1_gn.nc,hdl:21.14100/31e144a4-614b-4166-b430-7e39315d2ed9,CF-1.7 CMIP-6.0 UGRID-1.0,2020-09-23,ERROR,variable,lon_bnds,'(7.1): bounds attribute referencing non-existent variable lon_bnds',/group_workspaces/jasmin2/cp4cds1/vol3/c3s_34g/cmip6_qc/cf_logs/CMIP6/ScenarioMIP/NOAA-GFDL/GFDL-ESM4/ssp370/r1i1p1f1/fx/orog/gn/v20180701/orog_fx_GFDL-ESM4_ssp370_r1i1p1f1_gn.log,GFDL-ESM4,CMIP6.ScenarioMIP.NOAA-GFDL.GFDL-ESM4.ssp370.r1i1p1f1.fx.orog.gn.v20180701,other,major
58673,/badc/cmip6/data/CMIP6/ScenarioMIP/NOAA-GFDL/GFDL-ESM4/ssp370/r1i1p1f1/fx/orog/gn/v20180701/orog_fx_GFDL-ESM4_ssp370_r1i1p1f1_gn.nc,hdl:21.14100/31e144a4-614b-4166-b430-7e39315d2ed9,CF-1.7 CMIP-6.0 UGRID-1.0,2020-09-23,ERROR,variable,lat_bnds,'(7.1): bounds attribute referencing non-existent variable lat_bnds',/group_workspaces/jasmin2/cp4cds1/vol3/c3s_34g/cmip6_qc/cf_logs/CMIP6/ScenarioMIP/NOAA-GFDL/GFDL-ESM4/ssp370/r1i1p1f1/fx/orog/gn/v20180701/orog_fx_GFDL-ESM4_ssp370_r1i1p1f1_gn.log,GFDL-ESM4,CMIP6.ScenarioMIP.NOAA-GFDL.GFDL-ESM4.ssp370.r1i1p1f1.fx.orog.gn.v20180701,other,major
59569,/badc/cmip6/data/CMIP6/ScenarioMIP/THU/CIESM/ssp126/r1i1p1f1/SImon/siconc/gn/v20200420/siconc_SImon_CIESM_ssp126_r1i1p1f1_gn_201501-206412.nc,hdl:21.14100/ea889bb8-d897-4544-91ff-fa6ea008fac8,CF-1.7 CMIP-6.2,2020-12-03,ERROR,variable,time_bounds,'(7.1): Incorrect number of dimensions for boundary variable: time_bounds',/group_workspaces/jasmin2/cp4cds1/vol3/c3s_34g/cmip6_qc/cf_logs/CMIP6/ScenarioMIP/THU/CIESM/ssp126/r1i1p1f1/SImon/siconc/gn/v20200420/siconc_SImon_CIESM_ssp126_r1i1p1f1_gn_201501-206412.log,CIESM,CMIP6.ScenarioMIP.THU.CIESM.ssp126.r1i1p1f1.SImon.siconc.gn.v20200420,other,major
59570,/badc/cmip6/data/CMIP6/ScenarioMIP/THU/CIESM/ssp126/r1i1p1f1/SImon/siconc/gn/v20200420/siconc_SImon_CIESM_ssp126_r1i1p1f1_gn_206501-210012.nc,hdl:21.14100/9967fde9-ccf1-43c0-9f5e-92de3ca223c7,CF-1.7 CMIP-6.2,2020-12-03,ERROR,variable,time_bounds,'(7.1): Incorrect number of dimensions for boundary variable: time_bounds',/group_workspaces/jasmin2/cp4cds1/vol3/c3s_34g/cmip6_qc/cf_logs/CMIP6/ScenarioMIP/THU/CIESM/ssp126/r1i1p1f1/SImon/siconc/gn/v20200420/siconc_SImon_CIESM_ssp126_r1i1p1f1_gn_206501-210012.log,CIESM,CMIP6.ScenarioMIP.THU.CIESM.ssp126.r1i1p1f1.SImon.siconc.gn.v20200420,other,major
69174,/badc/cmip6/data/CMIP6/ScenarioMIP/THU/CIESM/ssp245/r1i1p1f1/SImon/siconc/gn/v20200420/siconc_SImon_CIESM_ssp245_r1i1p1f1_gn_201501-206412.nc,hdl:21.14100/eaa2c5cf-c969-4a75-8b67-30e3fe4f094b,CF-1.7 CMIP-6.2,2020-09-23,ERROR,variable,time_bounds,'(7.1): Incorrect number of dimensions for boundary variable: time_bounds',/group_workspaces/jasmin2/cp4cds1/vol3/c3s_34g/cmip6_qc/cf_logs/CMIP6/ScenarioMIP/THU/CIESM/ssp245/r1i1p1f1/SImon/siconc/gn/v20200420/siconc_SImon_CIESM_ssp245_r1i1p1f1_gn_201501-206412.log,CIESM,CMIP6.ScenarioMIP.THU.CIESM.ssp245.r1i1p1f1.SImon.siconc.gn.v20200420,other,major
69175,/badc/cmip6/data/CMIP6/ScenarioMIP/THU/CIESM/ssp245/r1i1p1f1/SImon/siconc/gn/v20200420/siconc_SImon_CIESM_ssp245_r1i1p1f1_gn_206501-210012.nc,hdl:21.14100/90f76ca7-f2d9-4b5a-b30e-a8b62dbe7cbb,CF-1.7 CMIP-6.2,2020-09-23,ERROR,variable,time_bounds,'(7.1): Incorrect number of dimensions for boundary variable: time_bounds',/group_workspaces/jasmin2/cp4cds1/vol3/c3s_34g/cmip6_qc/cf_logs/CMIP6/ScenarioMIP/THU/CIESM/ssp245/r1i1p1f1/SImon/siconc/gn/v20200420/siconc_SImon_CIESM_ssp245_r1i1p1f1_gn_206501-210012.log,CIESM,CMIP6.ScenarioMIP.THU.CIESM.ssp245.r1i1p1f1.SImon.siconc.gn.v20200420,other,major
72209,/badc/cmip6/data/CMIP6/ScenarioMIP/THU/CIESM/ssp585/r1i1p1f1/SImon/sithick/gn/v20200420/sithick_SImon_CIESM_ssp585_r1i1p1f1_gn_201501-206412.nc,hdl:21.14100/29a35bab-b8d7-4db9-9fa5-8688b821ac8e,CF-1.7 CMIP-6.2,2020-09-23,ERROR,variable,time_bounds,'(7.1): Incorrect number of dimensions for boundary variable: time_bounds',/group_workspaces/jasmin2/cp4cds1/vol3/c3s_34g/cmip6_qc/cf_logs/CMIP6/ScenarioMIP/THU/CIESM/ssp585/r1i1p1f1/SImon/sithick/gn/v20200420/sithick_SImon_CIESM_ssp585_r1i1p1f1_gn_201501-206412.log,CIESM,CMIP6.ScenarioMIP.THU.CIESM.ssp585.r1i1p1f1.SImon.sithick.gn.v20200420,other,major
72210,/badc/cmip6/data/CMIP6/ScenarioMIP/THU/CIESM/ssp585/r1i1p1f1/SImon/sithick/gn/v20200420/sithick_SImon_CIESM_ssp585_r1i1p1f1_gn_206501-210012.nc,hdl:21.14100/6d90447e-dd2b-4872-b897-0b2e9b68d201,CF-1.7 CMIP-6.2,2020-09-23,ERROR,variable,time_bounds,'(7.1): Incorrect number of dimensions for boundary variable: time_bounds',/group_workspaces/jasmin2/cp4cds1/vol3/c3s_34g/cmip6_qc/cf_logs/CMIP6/ScenarioMIP/THU/CIESM/ssp585/r1i1p1f1/SImon/sithick/gn/v20200420/sithick_SImon_CIESM_ssp585_r1i1p1f1_gn_206501-210012.log,CIESM,CMIP6.ScenarioMIP.THU.CIESM.ssp585.r1i1p1f1.SImon.sithick.gn.v20200420,other,major
72605,/badc/cmip6/data/CMIP6/ScenarioMIP/KIOST/KIOST-ESM/ssp126/r1i1p1f1/SImon/simass/gr1/v20191104/simass_SImon_KIOST-ESM_ssp126_r1i1p1f1_gr1_201501-201512.nc,hdl:21.14100/bc794cf4-c304-443f-b905-3ebc8e2dbddb,CF-1.7 CMIP-6.2,2020-11-26,ERROR,variable,time,'(5): co-ordinate variable not monotonic',/group_workspaces/jasmin2/cp4cds1/vol3/c3s_34g/cmip6_qc/cf_logs/CMIP6/ScenarioMIP/KIOST/KIOST-ESM/ssp126/r1i1p1f1/SImon/simass/gr1/v20191104/simass_SImon_KIOST-ESM_ssp126_r1i1p1f1_gr1_201501-201512.log,KIOST-ESM,CMIP6.ScenarioMIP.KIOST.KIOST-ESM.ssp126.r1i1p1f1.SImon.simass.gr1.v20191104,other,major
76157,/badc/cmip6/data/CMIP6/ScenarioMIP/THU/CIESM/ssp126/r1i1p1f1/SImon/sitemptop/gn/v20200420/sitemptop_SImon_CIESM_ssp126_r1i1p1f1_gn_201501-206412.nc,hdl:21.14100/f136e129-ddd1-4ff2-a095-e3b029376a95,CF-1.7 CMIP-6.2,2020-11-26,ERROR,variable,time_bounds,'(7.1): Incorrect number of dimensions for boundary variable: time_bounds',/group_workspaces/jasmin2/cp4cds1/vol3/c3s_34g/cmip6_qc/cf_logs/CMIP6/ScenarioMIP/THU/CIESM/ssp126/r1i1p1f1/SImon/sitemptop/gn/v20200420/sitemptop_SImon_CIESM_ssp126_r1i1p1f1_gn_201501-206412.log,CIESM,CMIP6.ScenarioMIP.THU.CIESM.ssp126.r1i1p1f1.SImon.sitemptop.gn.v20200420,other,major
76158,/badc/cmip6/data/CMIP6/ScenarioMIP/THU/CIESM/ssp126/r1i1p1f1/SImon/sitemptop/gn/v20200420/sitemptop_SImon_CIESM_ssp126_r1i1p1f1_gn_206501-210012.nc,hdl:21.14100/ade3640b-cda5-4d91-8826-987044c52b58,CF-1.7 CMIP-6.2,2020-11-26,ERROR,variable,time_bounds,'(7.1): Incorrect number of dimensions for boundary variable: time_bounds',/group_workspaces/jasmin2/cp4cds1/vol3/c3s_34g/cmip6_qc/cf_logs/CMIP6/ScenarioMIP/THU/CIESM/ssp126/r1i1p1f1/SImon/sitemptop/gn/v20200420/sitemptop_SImon_CIESM_ssp126_r1i1p1f1_gn_206501-210012.log,CIESM,CMIP6.ScenarioMIP.THU.CIESM.ssp126.r1i1p1f1.SImon.sitemptop.gn.v20200420,other,major
86960,/badc/cmip6/data/CMIP6/ScenarioMIP/NOAA-GFDL/GFDL-ESM4/ssp119/r1i1p1f1/fx/orog/gn/v20180701/orog_fx_GFDL-ESM4_ssp119_r1i1p1f1_gn.nc,hdl:21.14100/b2480a89-0ca2-4235-878d-ea225be1889e,CF-1.7 CMIP-6.0 UGRID-1.0,2020-10-30,ERROR,variable,lon_bnds,'(7.1): bounds attribute referencing non-existent variable lon_bnds',/group_workspaces/jasmin2/cp4cds1/vol3/c3s_34g/cmip6_qc/cf_logs/CMIP6/ScenarioMIP/NOAA-GFDL/GFDL-ESM4/ssp119/r1i1p1f1/fx/orog/gn/v20180701/orog_fx_GFDL-ESM4_ssp119_r1i1p1f1_gn.log,GFDL-ESM4,CMIP6.ScenarioMIP.NOAA-GFDL.GFDL-ESM4.ssp119.r1i1p1f1.fx.orog.gn.v20180701,other,major
86961,/badc/cmip6/data/CMIP6/ScenarioMIP/NOAA-GFDL/GFDL-ESM4/ssp119/r1i1p1f1/fx/orog/gn/v20180701/orog_fx_GFDL-ESM4_ssp119_r1i1p1f1_gn.nc,hdl:21.14100/b2480a89-0ca2-4235-878d-ea225be1889e,CF-1.7 CMIP-6.0 UGRID-1.0,2020-10-30,ERROR,variable,lat_bnds,'(7.1): bounds attribute referencing non-existent variable lat_bnds',/group_workspaces/jasmin2/cp4cds1/vol3/c3s_34g/cmip6_qc/cf_logs/CMIP6/ScenarioMIP/NOAA-GFDL/GFDL-ESM4/ssp119/r1i1p1f1/fx/orog/gn/v20180701/orog_fx_GFDL-ESM4_ssp119_r1i1p1f1_gn.log,GFDL-ESM4,CMIP6.ScenarioMIP.NOAA-GFDL.GFDL-ESM4.ssp119.r1i1p1f1.fx.orog.gn.v20180701,other,major
95186,/badc/cmip6/data/CMIP6/ScenarioMIP/THU/CIESM/ssp126/r1i1p1f1/SImon/sithick/gn/v20200420/sithick_SImon_CIESM_ssp126_r1i1p1f1_gn_201501-206412.nc,hdl:21.14100/83bbb76e-783d-4acd-9711-4b63a23d90af,CF-1.7 CMIP-6.2,2020-11-24,ERROR,variable,time_bounds,'(7.1): Incorrect number of dimensions for boundary variable: time_bounds',/group_workspaces/jasmin2/cp4cds1/vol3/c3s_34g/cmip6_qc/cf_logs/CMIP6/ScenarioMIP/THU/CIESM/ssp126/r1i1p1f1/SImon/sithick/gn/v20200420/sithick_SImon_CIESM_ssp126_r1i1p1f1_gn_201501-206412.log,CIESM,CMIP6.ScenarioMIP.THU.CIESM.ssp126.r1i1p1f1.SImon.sithick.gn.v20200420,other,major
95187,/badc/cmip6/data/CMIP6/ScenarioMIP/THU/CIESM/ssp126/r1i1p1f1/SImon/sithick/gn/v20200420/sithick_SImon_CIESM_ssp126_r1i1p1f1_gn_206501-210012.nc,hdl:21.14100/4c8bc3e9-a351-4e07-8414-c0507c041f36,CF-1.7 CMIP-6.2,2020-11-24,ERROR,variable,time_bounds,'(7.1): Incorrect number of dimensions for boundary variable: time_bounds',/group_workspaces/jasmin2/cp4cds1/vol3/c3s_34g/cmip6_qc/cf_logs/CMIP6/ScenarioMIP/THU/CIESM/ssp126/r1i1p1f1/SImon/sithick/gn/v20200420/sithick_SImon_CIESM_ssp126_r1i1p1f1_gn_206501-210012.log,CIESM,CMIP6.ScenarioMIP.THU.CIESM.ssp126.r1i1p1f1.SImon.sithick.gn.v20200420,other,major
114117,/badc/cmip6/data/CMIP6/ScenarioMIP/NOAA-GFDL/GFDL-ESM4/ssp245/r1i1p1f1/fx/orog/gn/v20180701/orog_fx_GFDL-ESM4_ssp245_r1i1p1f1_gn.nc,hdl:21.14100/ab0eaa01-837b-4d0b-95c8-a8739ac7b2fa,CF-1.7 CMIP-6.0 UGRID-1.0,2020-10-30,ERROR,variable,lon_bnds,'(7.1): bounds attribute referencing non-existent variable lon_bnds',/group_workspaces/jasmin2/cp4cds1/vol3/c3s_34g/cmip6_qc/cf_logs/CMIP6/ScenarioMIP/NOAA-GFDL/GFDL-ESM4/ssp245/r1i1p1f1/fx/orog/gn/v20180701/orog_fx_GFDL-ESM4_ssp245_r1i1p1f1_gn.log,GFDL-ESM4,CMIP6.ScenarioMIP.NOAA-GFDL.GFDL-ESM4.ssp245.r1i1p1f1.fx.orog.gn.v20180701,other,major
114118,/badc/cmip6/data/CMIP6/ScenarioMIP/NOAA-GFDL/GFDL-ESM4/ssp245/r1i1p1f1/fx/orog/gn/v20180701/orog_fx_GFDL-ESM4_ssp245_r1i1p1f1_gn.nc,hdl:21.14100/ab0eaa01-837b-4d0b-95c8-a8739ac7b2fa,CF-1.7 CMIP-6.0 UGRID-1.0,2020-10-30,ERROR,variable,lat_bnds,'(7.1): bounds attribute referencing non-existent variable lat_bnds',/group_workspaces/jasmin2/cp4cds1/vol3/c3s_34g/cmip6_qc/cf_logs/CMIP6/ScenarioMIP/NOAA-GFDL/GFDL-ESM4/ssp245/r1i1p1f1/fx/orog/gn/v20180701/orog_fx_GFDL-ESM4_ssp245_r1i1p1f1_gn.log,GFDL-ESM4,CMIP6.ScenarioMIP.NOAA-GFDL.GFDL-ESM4.ssp245.r1i1p1f1.fx.orog.gn.v20180701,other,major
122617,/badc/cmip6/data/CMIP6/ScenarioMIP/THU/CIESM/ssp585/r1i1p1f1/SImon/siconc/gn/v20200420/siconc_SImon_CIESM_ssp585_r1i1p1f1_gn_201501-206412.nc,hdl:21.14100/af4e0b9b-795b-4d60-aa0f-455bfa933b2b,CF-1.7 CMIP-6.2,2020-09-23,ERROR,variable,time_bounds,'(7.1): Incorrect number of dimensions for boundary variable: time_bounds',/group_workspaces/jasmin2/cp4cds1/vol3/c3s_34g/cmip6_qc/cf_logs/CMIP6/ScenarioMIP/THU/CIESM/ssp585/r1i1p1f1/SImon/siconc/gn/v20200420/siconc_SImon_CIESM_ssp585_r1i1p1f1_gn_201501-206412.log,CIESM,CMIP6.ScenarioMIP.THU.CIESM.ssp585.r1i1p1f1.SImon.siconc.gn.v20200420,other,major
122618,/badc/cmip6/data/CMIP6/ScenarioMIP/THU/CIESM/ssp585/r1i1p1f1/SImon/siconc/gn/v20200420/siconc_SImon_CIESM_ssp585_r1i1p1f1_gn_206501-210012.nc,hdl:21.14100/2ba9cadd-c8f8-4b03-9823-378355227258,CF-1.7 CMIP-6.2,2020-09-23,ERROR,variable,time_bounds,'(7.1): Incorrect number of dimensions for boundary variable: time_bounds',/group_workspaces/jasmin2/cp4cds1/vol3/c3s_34g/cmip6_qc/cf_logs/CMIP6/ScenarioMIP/THU/CIESM/ssp585/r1i1p1f1/SImon/siconc/gn/v20200420/siconc_SImon_CIESM_ssp585_r1i1p1f1_gn_206501-210012.log,CIESM,CMIP6.ScenarioMIP.THU.CIESM.ssp585.r1i1p1f1.SImon.siconc.gn.v20200420,other,major
128750,/badc/cmip6/data/CMIP6/ScenarioMIP/THU/CIESM/ssp245/r1i1p1f1/SImon/sithick/gn/v20200420/sithick_SImon_CIESM_ssp245_r1i1p1f1_gn_201501-206412.nc,hdl:21.14100/075bd4b4-6942-4006-bc7e-fbe74a06fa4d,CF-1.7 CMIP-6.2,2020-09-23,ERROR,variable,time_bounds,'(7.1): Incorrect number of dimensions for boundary variable: time_bounds',/group_workspaces/jasmin2/cp4cds1/vol3/c3s_34g/cmip6_qc/cf_logs/CMIP6/ScenarioMIP/THU/CIESM/ssp245/r1i1p1f1/SImon/sithick/gn/v20200420/sithick_SImon_CIESM_ssp245_r1i1p1f1_gn_201501-206412.log,CIESM,CMIP6.ScenarioMIP.THU.CIESM.ssp245.r1i1p1f1.SImon.sithick.gn.v20200420,other,major
128751,/badc/cmip6/data/CMIP6/ScenarioMIP/THU/CIESM/ssp245/r1i1p1f1/SImon/sithick/gn/v20200420/sithick_SImon_CIESM_ssp245_r1i1p1f1_gn_206501-210012.nc,hdl:21.14100/7ac23c5e-1546-4b39-8690-8a3f6779146f,CF-1.7 CMIP-6.2,2020-09-23,ERROR,variable,time_bounds,'(7.1): Incorrect number of dimensions for boundary variable: time_bounds',/group_workspaces/jasmin2/cp4cds1/vol3/c3s_34g/cmip6_qc/cf_logs/CMIP6/ScenarioMIP/THU/CIESM/ssp245/r1i1p1f1/SImon/sithick/gn/v20200420/sithick_SImon_CIESM_ssp245_r1i1p1f1_gn_206501-210012.log,CIESM,CMIP6.ScenarioMIP.THU.CIESM.ssp245.r1i1p1f1.SImon.sithick.gn.v20200420,other,major
134209,/badc/cmip6/data/CMIP6/CMIP/THU/CIESM/historical/r1i1p1f1/SImon/sithick/gn/v20200420/sithick_SImon_CIESM_historical_r1i1p1f1_gn_185001-189912.nc,hdl:21.14100/8535cf91-f6d4-49e3-9f35-f653da082872,CF-1.7 CMIP-6.2,2020-11-24,ERROR,variable,time_bounds,'(7.1): Incorrect number of dimensions for boundary variable: time_bounds',/group_workspaces/jasmin2/cp4cds1/vol3/c3s_34g/cmip6_qc/cf_logs/CMIP6/CMIP/THU/CIESM/historical/r1i1p1f1/SImon/sithick/gn/v20200420/sithick_SImon_CIESM_historical_r1i1p1f1_gn_185001-189912.log,CIESM,CMIP6.CMIP.THU.CIESM.historical.r1i1p1f1.SImon.sithick.gn.v20200420,other,major
134210,/badc/cmip6/data/CMIP6/CMIP/THU/CIESM/historical/r1i1p1f1/SImon/sithick/gn/v20200420/sithick_SImon_CIESM_historical_r1i1p1f1_gn_190001-194912.nc,hdl:21.14100/ec6d10fc-de33-4521-88e5-69aef568b194,CF-1.7 CMIP-6.2,2020-11-24,ERROR,variable,time_bounds,'(7.1): Incorrect number of dimensions for boundary variable: time_bounds',/group_workspaces/jasmin2/cp4cds1/vol3/c3s_34g/cmip6_qc/cf_logs/CMIP6/CMIP/THU/CIESM/historical/r1i1p1f1/SImon/sithick/gn/v20200420/sithick_SImon_CIESM_historical_r1i1p1f1_gn_190001-194912.log,CIESM,CMIP6.CMIP.THU.CIESM.historical.r1i1p1f1.SImon.sithick.gn.v20200420,other,major
134211,/badc/cmip6/data/CMIP6/CMIP/THU/CIESM/historical/r1i1p1f1/SImon/sithick/gn/v20200420/sithick_SImon_CIESM_historical_r1i1p1f1_gn_195001-201412.nc,hdl:21.14100/f2beb97e-4bfd-4ebd-b4cf-7eb786d7fdc9,CF-1.7 CMIP-6.2,2020-11-24,ERROR,variable,time_bounds,'(7.1): Incorrect number of dimensions for boundary variable: time_bounds',/group_workspaces/jasmin2/cp4cds1/vol3/c3s_34g/cmip6_qc/cf_logs/CMIP6/CMIP/THU/CIESM/historical/r1i1p1f1/SImon/sithick/gn/v20200420/sithick_SImon_CIESM_historical_r1i1p1f1_gn_195001-201412.log,CIESM,CMIP6.CMIP.THU.CIESM.historical.r1i1p1f1.SImon.sithick.gn.v20200420,other,major
135230,/badc/cmip6/data/CMIP6/ScenarioMIP/THU/CIESM/ssp245/r1i1p1f1/SImon/simass/gn/v20200420/simass_SImon_CIESM_ssp245_r1i1p1f1_gn_201501-206412.nc,hdl:21.14100/d2bbb426-4bc8-4318-878a-2adc5e30f68f,CF-1.7 CMIP-6.2,2020-11-26,ERROR,variable,time_bounds,'(7.1): Incorrect number of dimensions for boundary variable: time_bounds',/group_workspaces/jasmin2/cp4cds1/vol3/c3s_34g/cmip6_qc/cf_logs/CMIP6/ScenarioMIP/THU/CIESM/ssp245/r1i1p1f1/SImon/simass/gn/v20200420/simass_SImon_CIESM_ssp245_r1i1p1f1_gn_201501-206412.log,CIESM,CMIP6.ScenarioMIP.THU.CIESM.ssp245.r1i1p1f1.SImon.simass.gn.v20200420,other,major
135231,/badc/cmip6/data/CMIP6/ScenarioMIP/THU/CIESM/ssp245/r1i1p1f1/SImon/simass/gn/v20200420/simass_SImon_CIESM_ssp245_r1i1p1f1_gn_206501-210012.nc,hdl:21.14100/8673d582-d9ab-49cb-915a-a8f7dc08b6f0,CF-1.7 CMIP-6.2,2020-11-26,ERROR,variable,time_bounds,'(7.1): Incorrect number of dimensions for boundary variable: time_bounds',/group_workspaces/jasmin2/cp4cds1/vol3/c3s_34g/cmip6_qc/cf_logs/CMIP6/ScenarioMIP/THU/CIESM/ssp245/r1i1p1f1/SImon/simass/gn/v20200420/simass_SImon_CIESM_ssp245_r1i1p1f1_gn_206501-210012.log,CIESM,CMIP6.ScenarioMIP.THU.CIESM.ssp245.r1i1p1f1.SImon.simass.gn.v20200420,other,major
135232,/badc/cmip6/data/CMIP6/ScenarioMIP/THU/CIESM/ssp585/r1i1p1f1/SImon/sitemptop/gn/v20200420/sitemptop_SImon_CIESM_ssp585_r1i1p1f1_gn_201501-206412.nc,hdl:21.14100/8eee7736-2311-493e-b46e-e6fe53bbf643,CF-1.7 CMIP-6.2,2020-11-26,ERROR,variable,time_bounds,'(7.1): Incorrect number of dimensions for boundary variable: time_bounds',/group_workspaces/jasmin2/cp4cds1/vol3/c3s_34g/cmip6_qc/cf_logs/CMIP6/ScenarioMIP/THU/CIESM/ssp585/r1i1p1f1/SImon/sitemptop/gn/v20200420/sitemptop_SImon_CIESM_ssp585_r1i1p1f1_gn_201501-206412.log,CIESM,CMIP6.ScenarioMIP.THU.CIESM.ssp585.r1i1p1f1.SImon.sitemptop.gn.v20200420,other,major
135233,/badc/cmip6/data/CMIP6/ScenarioMIP/THU/CIESM/ssp585/r1i1p1f1/SImon/sitemptop/gn/v20200420/sitemptop_SImon_CIESM_ssp585_r1i1p1f1_gn_206501-210012.nc,hdl:21.14100/4188010d-7aba-428a-a42b-a5b6fc410ca6,CF-1.7 CMIP-6.2,2020-11-26,ERROR,variable,time_bounds,'(7.1): Incorrect number of dimensions for boundary variable: time_bounds',/group_workspaces/jasmin2/cp4cds1/vol3/c3s_34g/cmip6_qc/cf_logs/CMIP6/ScenarioMIP/THU/CIESM/ssp585/r1i1p1f1/SImon/sitemptop/gn/v20200420/sitemptop_SImon_CIESM_ssp585_r1i1p1f1_gn_206501-210012.log,CIESM,CMIP6.ScenarioMIP.THU.CIESM.ssp585.r1i1p1f1.SImon.sitemptop.gn.v20200420,other,major
139153,/badc/cmip6/data/CMIP6/CMIP/THU/CIESM/historical/r1i1p1f1/SImon/siconc/gn/v20200420/siconc_SImon_CIESM_historical_r1i1p1f1_gn_185001-189912.nc,hdl:21.14100/7cdf0025-21c4-4b54-8c8c-042773afe0a0,CF-1.7 CMIP-6.2,2020-11-24,ERROR,variable,time_bounds,'(7.1): Incorrect number of dimensions for boundary variable: time_bounds',/group_workspaces/jasmin2/cp4cds1/vol3/c3s_34g/cmip6_qc/cf_logs/CMIP6/CMIP/THU/CIESM/historical/r1i1p1f1/SImon/siconc/gn/v20200420/siconc_SImon_CIESM_historical_r1i1p1f1_gn_185001-189912.log,CIESM,CMIP6.CMIP.THU.CIESM.historical.r1i1p1f1.SImon.siconc.gn.v20200420,other,major
139154,/badc/cmip6/data/CMIP6/CMIP/THU/CIESM/historical/r1i1p1f1/SImon/siconc/gn/v20200420/siconc_SImon_CIESM_historical_r1i1p1f1_gn_190001-194912.nc,hdl:21.14100/2c578c40-c3d7-4590-900e-02946da17344,CF-1.7 CMIP-6.2,2020-11-24,ERROR,variable,time_bounds,'(7.1): Incorrect number of dimensions for boundary variable: time_bounds',/group_workspaces/jasmin2/cp4cds1/vol3/c3s_34g/cmip6_qc/cf_logs/CMIP6/CMIP/THU/CIESM/historical/r1i1p1f1/SImon/siconc/gn/v20200420/siconc_SImon_CIESM_historical_r1i1p1f1_gn_190001-194912.log,CIESM,CMIP6.CMIP.THU.CIESM.historical.r1i1p1f1.SImon.siconc.gn.v20200420,other,major
139155,/badc/cmip6/data/CMIP6/CMIP/THU/CIESM/historical/r1i1p1f1/SImon/siconc/gn/v20200420/siconc_SImon_CIESM_historical_r1i1p1f1_gn_195001-201412.nc,hdl:21.14100/7813b400-d761-499f-931b-fec0ac589914,CF-1.7 CMIP-6.2,2020-11-24,ERROR,variable,time_bounds,'(7.1): Incorrect number of dimensions for boundary variable: time_bounds',/group_workspaces/jasmin2/cp4cds1/vol3/c3s_34g/cmip6_qc/cf_logs/CMIP6/CMIP/THU/CIESM/historical/r1i1p1f1/SImon/siconc/gn/v20200420/siconc_SImon_CIESM_historical_r1i1p1f1_gn_195001-201412.log,CIESM,CMIP6.CMIP.THU.CIESM.historical.r1i1p1f1.SImon.siconc.gn.v20200420,other,major
149630,/badc/cmip6/data/CMIP6/ScenarioMIP/NOAA-GFDL/GFDL-ESM4/ssp126/r1i1p1f1/fx/orog/gn/v20180701/orog_fx_GFDL-ESM4_ssp126_r1i1p1f1_gn.nc,hdl:21.14100/0558d79d-3b41-4312-8918-e7023fcd500e,CF-1.7 CMIP-6.0 UGRID-1.0,2020-10-30,ERROR,variable,lon_bnds,'(7.1): bounds attribute referencing non-existent variable lon_bnds',/group_workspaces/jasmin2/cp4cds1/vol3/c3s_34g/cmip6_qc/cf_logs/CMIP6/ScenarioMIP/NOAA-GFDL/GFDL-ESM4/ssp126/r1i1p1f1/fx/orog/gn/v20180701/orog_fx_GFDL-ESM4_ssp126_r1i1p1f1_gn.log,GFDL-ESM4,CMIP6.ScenarioMIP.NOAA-GFDL.GFDL-ESM4.ssp126.r1i1p1f1.fx.orog.gn.v20180701,other,major
149631,/badc/cmip6/data/CMIP6/ScenarioMIP/NOAA-GFDL/GFDL-ESM4/ssp126/r1i1p1f1/fx/orog/gn/v20180701/orog_fx_GFDL-ESM4_ssp126_r1i1p1f1_gn.nc,hdl:21.14100/0558d79d-3b41-4312-8918-e7023fcd500e,CF-1.7 CMIP-6.0 UGRID-1.0,2020-10-30,ERROR,variable,lat_bnds,'(7.1): bounds attribute referencing non-existent variable lat_bnds',/group_workspaces/jasmin2/cp4cds1/vol3/c3s_34g/cmip6_qc/cf_logs/CMIP6/ScenarioMIP/NOAA-GFDL/GFDL-ESM4/ssp126/r1i1p1f1/fx/orog/gn/v20180701/orog_fx_GFDL-ESM4_ssp126_r1i1p1f1_gn.log,GFDL-ESM4,CMIP6.ScenarioMIP.NOAA-GFDL.GFDL-ESM4.ssp126.r1i1p1f1.fx.orog.gn.v20180701,other,major
